5776779,0b51153515919240055953000e8a57,405595,0,,http,7695b43b41732a0f15d3799c8eed2852665fe8da29fd700c383550fc16e521a3,3d2416c89a6e0e000f8d1ee57ce4b4a0bcba49044c100ffc152f8069489c766e,-493
5776780,0b51153515919240055953000e8a57,405688,0.1.1.2.7.1.9.5,75e56c8fbb9336eb4dd40f5f609d5344203d374d73fd0b8d2bce19f754070f6a,rpc,9a9e8613b6d7d1b573ba38dba19eec9c3cc460ab00cb49a7e7bfb0d93bac9262,7f2e118b0388e346c3062dd70a26228c63ca349cfdb1b9c0f65456bd93f4d1aa,4
5776781,0b51153515919240055953000e8a57,405689,0.1.1.2.7.1.20.1.9,(?),rpc,9a9e8613b6d7d1b573ba38dba19eec9c3cc460ab00cb49a7e7bfb0d93bac9262,7241bc475bbb81d8678f5f66e19d0f0bebeb40ee8d62c3c5b7fa0a6713960c90,1
5776782,0b51153515919240055953000e8a57,405689,0.1.1.2.7.1.20.1.3,(?),rpc,9a9e8613b6d7d1b573ba38dba19eec9c3cc460ab00cb49a7e7bfb0d93bac9262,9292e344ca1643bf8ffba944963444c1342087992748c7852dd928a847583ec2,1
5776783,0b51153515919240055953000e8a57,405689,0.1.1.2.7.1.20.1.11,(?),rpc,9a9e8613b6d7d1b573ba38dba19eec9c3cc460ab00cb49a7e7bfb0d93bac9262,ceca6a952f2230f21fc79ab220df1db3dd1416ea23c26607a586ee4e4bb67311,1
5776784,0b51153515919240055953000e8a57,405689,0.1.1.2.7.1.20.1.1,(?),rpc,9a9e8613b6d7d1b573ba38dba19eec9c3cc460ab00cb49a7e7bfb0d93bac9262,3dee2f25adb92998e6c030e75e768d909b6c499787c4d5816857e6ea30105114,1
5776785,0b51153515919240055953000e8a57,405689,0.1.1.2.7.1.20.1.7,(?),rpc,9a9e8613b6d7d1b573ba38dba19eec9c3cc460ab00cb49a7e7bfb0d93bac9262,b79bf4085ed08c9c736fd22bc5527a8e4c945353e636313d7da03432718471ed,1
5776786,0b51153515919240055953000e8a57,405689,0.1.1.2.7.1.20.1.12,(?),rpc,9a9e8613b6d7d1b573ba38dba19eec9c3cc460ab00cb49a7e7bfb0d93bac9262,8a1a5de44edec1dd7c29d50c001f104b36da0170d6c71018b314381cc7655060,1
5776787,0b51153515919240055953000e8a57,405689,0.1.1.2.7.1.20.1.10,(?),rpc,9a9e8613b6d7d1b573ba38dba19eec9c3cc460ab00cb49a7e7bfb0d93bac9262,2b7d7917ac959c6c1f960c58d2fd2af822433c323eb445e8b113d692a1b364d3,1
5776788,0b51153515919240055953000e8a57,405689,0.1.1.2.7.1.20.1.6,(?),rpc,9a9e8613b6d7d1b573ba38dba19eec9c3cc460ab00cb49a7e7bfb0d93bac9262,da3a50d6f7665587da7ed1b3d636ebe2afe3e9d72b4acae083d2460b2434bd94,1
5776789,0b51153515919240055953000e8a57,405689,0.1.1.2.7.1.20.1.2,(?),rpc,9a9e8613b6d7d1b573ba38dba19eec9c3cc460ab00cb49a7e7bfb0d93bac9262,639437ec0f13ba1545f5c14132a48fb7e40572ed683313f51cc63584f6276c49,1
5776790,0b51153515919240055953000e8a57,405689,0.1.1.2.7.1.20.1.13,(?),rpc,9a9e8613b6d7d1b573ba38dba19eec9c3cc460ab00cb49a7e7bfb0d93bac9262,4fd945666e36e6de6b8a05130a369cc9999875ac9534ef53d06ef9070c95bdd9,1
5776791,0b51153515919240055953000e8a57,405689,0.1.1.2.7.1.20.1.5,(?),rpc,9a9e8613b6d7d1b573ba38dba19eec9c3cc460ab00cb49a7e7bfb0d93bac9262,ef9ea1ccc990f7ce6c6b2c5b71c78e3762476e0eb90568af4b9c6f01baa807f1,1
5776792,0b51153515919240055953000e8a57,405689,0.1.1.2.7.1.20.1.16,(?),rpc,9a9e8613b6d7d1b573ba38dba19eec9c3cc460ab00cb49a7e7bfb0d93bac9262,ce82eb827233f54eeb347180700f9929aa7724ec3b1c186d8ab94490400317cb,1
5776793,0b51153515919240055953000e8a57,405689,0.1.1.2.7.1.20.1.8,(?),rpc,9a9e8613b6d7d1b573ba38dba19eec9c3cc460ab00cb49a7e7bfb0d93bac9262,0f207bc757217d9e588111ec790fb9b38a9dd912287003255ca0fe03a61858b4,1
5776794,0b51153515919240055953000e8a57,405689,0.1.1.2.7.1.20.1.15,(?),rpc,9a9e8613b6d7d1b573ba38dba19eec9c3cc460ab00cb49a7e7bfb0d93bac9262,1cacea4b79b268d619f28538ea18d53b112cf789f296580a4dd14bca5389a92e,2
5776795,0b51153515919240055953000e8a57,405691,0.1.1.2.7.1.22.4,75e56c8fbb9336eb4dd40f5f609d5344203d374d73fd0b8d2bce19f754070f6a,rpc,84f9f68ef003a21288fffe8f9a09a5a29b05f4cc4229b8337d1e3c28b6d07923,ba157fce6191bf75b98609b9a2c17b4237b91f0f4bd36674a9b6991771aaccdd,-6
5776796,0b51153515919240055953000e8a57,405693,0.1.1.2.7.1.9.6,75e56c8fbb9336eb4dd40f5f609d5344203d374d73fd0b8d2bce19f754070f6a,rpc,9a9e8613b6d7d1b573ba38dba19eec9c3cc460ab00cb49a7e7bfb0d93bac9262,7f2e118b0388e346c3062dd70a26228c63ca349cfdb1b9c0f65456bd93f4d1aa,1
5776797,0b51153515919240055953000e8a57,405697,0.1.1.2.7.1.20.1.11,75e56c8fbb9336eb4dd40f5f609d5344203d374d73fd0b8d2bce19f754070f6a,rpc,9a9e8613b6d7d1b573ba38dba19eec9c3cc460ab00cb49a7e7bfb0d93bac9262,7f2e118b0388e346c3062dd70a26228c63ca349cfdb1b9c0f65456bd93f4d1aa,1
5776798,0b51153515919240055953000e8a57,405698,0.1.1.2.7.1.9.7,75e56c8fbb9336eb4dd40f5f609d5344203d374d73fd0b8d2bce19f754070f6a,rpc,9a9e8613b6d7d1b573ba38dba19eec9c3cc460ab00cb49a7e7bfb0d93bac9262,7f2e118b0388e346c3062dd70a26228c63ca349cfdb1b9c0f65456bd93f4d1aa,1
5776799,0b51153515919240055953000e8a57,405705,0.1.1.2.7.1.9,75e56c8fbb9336eb4dd40f5f609d5344203d374d73fd0b8d2bce19f754070f6a,rpc,f0facca9841a7832c38299f8448958df4dceeadb444631f61ec1cedaa3a88c80,22769a081964f9add00842f8c5d45ce9341c3e401bb0e6f5c1b64988487ee89a,-10
5776800,0b51153515919240055953000e8a57,405705,0.1.1.2.7.1.20.3,75e56c8fbb9336eb4dd40f5f609d5344203d374d73fd0b8d2bce19f754070f6a,http,(?),9aee6b1bcdf617d8e39bb1f2b624c68ea33deb9d48e0364aeaded836d3d00293,3
5776801,0b51153515919240055953000e8a57,405705,0.1.1.2.7.1.20.2,75e56c8fbb9336eb4dd40f5f609d5344203d374d73fd0b8d2bce19f754070f6a,rpc,(?),19bbbedd43d8c56ce776f69d4f592c95ce2512b262d2b5287319e806ee43d254,3
5776802,0b51153515919240055953000e8a57,405709,0.1.1.2.7.1.20.4,75e56c8fbb9336eb4dd40f5f609d5344203d374d73fd0b8d2bce19f754070f6a,rpc,614c66b178d3cfe299b11254ecb4321f85beca4b2ccac893363875cc06272d4f,55e84f5b111454f6c9df278abe4645a967376fbcb63e59778b15e9cc1de82ded,11
5776803,0b51153515919240055953000e8a57,405709,0.1.1.2.7.1.22,9a9e8613b6d7d1b573ba38dba19eec9c3cc460ab00cb49a7e7bfb0d93bac9262,rpc,b226d1a7f7f8526546a4ebb2955fb2bdddb3de88a726a3f43ebe0cb47edaa69e,22769a081964f9add00842f8c5d45ce9341c3e401bb0e6f5c1b64988487ee89a,-9
5776804,0b51153515919240055953000e8a57,405711,0.1.1.2.7.1.20.4,75e56c8fbb9336eb4dd40f5f609d5344203d374d73fd0b8d2bce19f754070f6a,rpc,614c66b178d3cfe299b11254ecb4321f85beca4b2ccac893363875cc06272d4f,55e84f5b111454f6c9df278abe4645a967376fbcb63e59778b15e9cc1de82ded,-8
5776805,0b51153515919240055953000e8a57,405712,0.1.1.2.7.1.11.5,75e56c8fbb9336eb4dd40f5f609d5344203d374d73fd0b8d2bce19f754070f6a,rpc,84f9f68ef003a21288fffe8f9a09a5a29b05f4cc4229b8337d1e3c28b6d07923,ba157fce6191bf75b98609b9a2c17b4237b91f0f4bd36674a9b6991771aaccdd,0
5776806,0b51153515919240055953000e8a57,405712,0.1.1.2.7.1.11.4,75e56c8fbb9336eb4dd40f5f609d5344203d374d73fd0b8d2bce19f754070f6a,rpc,(?),e81c01425b2cb19788caf78ca9a9c30794702019e421cfa3f6aa584070c37c5f,0
5776807,0b51153515919240055953000e8a57,405719,0.1.1.2.7.1.11.6,75e56c8fbb9336eb4dd40f5f609d5344203d374d73fd0b8d2bce19f754070f6a,rpc,(?),2e090d91d70cb54db138452d84c8c5ef0593c25ad70b3ab5903283c06f2df133,43
5776808,0b51153515919240055953000e8a57,405719,0.1.1.2.7.1.9.8,75e56c8fbb9336eb4dd40f5f609d5344203d374d73fd0b8d2bce19f754070f6a,rpc,9a9e8613b6d7d1b573ba38dba19eec9c3cc460ab00cb49a7e7bfb0d93bac9262,7f2e118b0388e346c3062dd70a26228c63ca349cfdb1b9c0f65456bd93f4d1aa,1
5776809,0b51153515919240055953000e8a57,405720,0.1.1.2.7.1.20.6,75e56c8fbb9336eb4dd40f5f609d5344203d374d73fd0b8d2bce19f754070f6a,rpc,9a9e8613b6d7d1b573ba38dba19eec9c3cc460ab00cb49a7e7bfb0d93bac9262,7f2e118b0388e346c3062dd70a26228c63ca349cfdb1b9c0f65456bd93f4d1aa,10
5776810,0b51153515919240055953000e8a57,405720,0.1.1.2.7.1.20.5,75e56c8fbb9336eb4dd40f5f609d5344203d374d73fd0b8d2bce19f754070f6a,mc,4bba5c2371c3384862e69615979c2aa5b7f1b4fc3ea914d070f203f932f87f65,,0
5776811,0b51153515919240055953000e8a57,405730,0.1.1.2.7.1.20.7,75e56c8fbb9336eb4dd40f5f609d5344203d374d73fd0b8d2bce19f754070f6a,mc,4bba5c2371c3384862e69615979c2aa5b7f1b4fc3ea914d070f203f932f87f65,,1
5776812,0b51153515919240055953000e8a57,405731,0.1.1.2.7.1.20.8,75e56c8fbb9336eb4dd40f5f609d5344203d374d73fd0b8d2bce19f754070f6a,mc,4bba5c2371c3384862e69615979c2aa5b7f1b4fc3ea914d070f203f932f87f65,,0
5776813,0b51153515919240055953000e8a57,405732,0.1.1.2.7.1.20.9,75e56c8fbb9336eb4dd40f5f609d5344203d374d73fd0b8d2bce19f754070f6a,mc,4bba5c2371c3384862e69615979c2aa5b7f1b4fc3ea914d070f203f932f87f65,,0
5776814,0b51153515919240055953000e8a57,405732,0.1.1.2.7.1.20.10,75e56c8fbb9336eb4dd40f5f609d5344203d374d73fd0b8d2bce19f754070f6a,mc,4bba5c2371c3384862e69615979c2aa5b7f1b4fc3ea914d070f203f932f87f65,,1
5776815,0b51153515919240055953000e8a57,405739,0.1.1.2.7.1.10.2.5,75e56c8fbb9336eb4dd40f5f609d5344203d374d73fd0b8d2bce19f754070f6a,rpc,84f9f68ef003a21288fffe8f9a09a5a29b05f4cc4229b8337d1e3c28b6d07923,ba157fce6191bf75b98609b9a2c17b4237b91f0f4bd36674a9b6991771aaccdd,-1
5776816,0b51153515919240055953000e8a57,405763,0.1.1.2.7.1.11.7,75e56c8fbb9336eb4dd40f5f609d5344203d374d73fd0b8d2bce19f754070f6a,rpc,(?),4fd88871d59455d5b0895157b9ce49af766946b7b6d0b2fbf577588ba6a4466f,23
5776817,0b51153515919240055953000e8a57,405770,0.1.1.2.7.1.22.6,75e56c8fbb9336eb4dd40f5f609d5344203d374d73fd0b8d2bce19f754070f6a,rpc,84f9f68ef003a21288fffe8f9a09a5a29b05f4cc4229b8337d1e3c28b6d07923,ba157fce6191bf75b98609b9a2c17b4237b91f0f4bd36674a9b6991771aaccdd,-4
5776818,0b51153515919240055953000e8a57,405776,0.1.1.2.7.1.21.5,(?),rpc,9a9e8613b6d7d1b573ba38dba19eec9c3cc460ab00cb49a7e7bfb0d93bac9262,7f2e118b0388e346c3062dd70a26228c63ca349cfdb1b9c0f65456bd93f4d1aa,4
5776819,0b51153515919240055953000e8a57,405781,0.1.1.2.7.1.21,9a9e8613b6d7d1b573ba38dba19eec9c3cc460ab00cb49a7e7bfb0d93bac9262,rpc,b226d1a7f7f8526546a4ebb2955fb2bdddb3de88a726a3f43ebe0cb47edaa69e,22769a081964f9add00842f8c5d45ce9341c3e401bb0e6f5c1b64988487ee89a,-4
5776820,0b51153515919240055953000e8a57,405781,0.1.1.2.7.1.21,9a9e8613b6d7d1b573ba38dba19eec9c3cc460ab00cb49a7e7bfb0d93bac9262,rpc,b226d1a7f7f8526546a4ebb2955fb2bdddb3de88a726a3f43ebe0cb47edaa69e,22769a081964f9add00842f8c5d45ce9341c3e401bb0e6f5c1b64988487ee89a,-4
5776821,0b51153515919240055953000e8a57,405789,0.1.1.2.7.1.21.6,(?),rpc,9a9e8613b6d7d1b573ba38dba19eec9c3cc460ab00cb49a7e7bfb0d93bac9262,7f2e118b0388e346c3062dd70a26228c63ca349cfdb1b9c0f65456bd93f4d1aa,4
5776822,0b51153515919240055953000e8a57,405791,0.1.1.2.7.1.11.10,75e56c8fbb9336eb4dd40f5f609d5344203d374d73fd0b8d2bce19f754070f6a,rpc,(?),e28f8bd0b2f2c7a0de0f526bf5c25fe740d25d86f85deb2963f44a7e7aca468a,4
5776823,0b51153515919240055953000e8a57,405791,0.1.1.2.7.1.11.9,75e56c8fbb9336eb4dd40f5f609d5344203d374d73fd0b8d2bce19f754070f6a,http,(?),9aee6b1bcdf617d8e39bb1f2b624c68ea33deb9d48e0364aeaded836d3d00293,3
5776824,0b51153515919240055953000e8a57,405791,0.1.1.2.7.1.11.8,75e56c8fbb9336eb4dd40f5f609d5344203d374d73fd0b8d2bce19f754070f6a,rpc,(?),19bbbedd43d8c56ce776f69d4f592c95ce2512b262d2b5287319e806ee43d254,3
5776825,0b51153515919240055953000e8a57,405791,0.1.1.2.7.1.22.7.1.1,75e56c8fbb9336eb4dd40f5f609d5344203d374d73fd0b8d2bce19f754070f6a,rpc,f0facca9841a7832c38299f8448958df4dceeadb444631f61ec1cedaa3a88c80,22769a081964f9add00842f8c5d45ce9341c3e401bb0e6f5c1b64988487ee89a,-29
5776826,0b51153515919240055953000e8a57,405798,0.1.1.2.7.1.11.12,75e56c8fbb9336eb4dd40f5f609d5344203d374d73fd0b8d2bce19f754070f6a,rpc,(?),34432181406d077825bd82d22af094fdb6a2d20fa6bed60793df0723e0ba4252,0
5776827,0b51153515919240055953000e8a57,405817,0.1.1.2.7.1.24,75e56c8fbb9336eb4dd40f5f609d5344203d374d73fd0b8d2bce19f754070f6a,rpc,75e56c8fbb9336eb4dd40f5f609d5344203d374d73fd0b8d2bce19f754070f6a,1dd49ccb02c534c2fdc85ea9ee4e73cc75754a9ccf90b733058b86b34420d5fd,-60
5776828,0b51153515919240055953000e8a57,405817,0.1.1.2.7.1.24.0,75e56c8fbb9336eb4dd40f5f609d5344203d374d73fd0b8d2bce19f754070f6a,userDefined,75e56c8fbb9336eb4dd40f5f609d5344203d374d73fd0b8d2bce19f754070f6a,,60
5776829,0b51153515919240055953000e8a57,405827,0.1.1.2.7.1.24.0,75e56c8fbb9336eb4dd40f5f609d5344203d374d73fd0b8d2bce19f754070f6a,userDefined,75e56c8fbb9336eb4dd40f5f609d5344203d374d73fd0b8d2bce19f754070f6a,,41
5776830,0b51153515919240055953000e8a57,405835,0.1.1.2.7.1.24.1,75e56c8fbb9336eb4dd40f5f609d5344203d374d73fd0b8d2bce19f754070f6a,rpc,(?),52c9f26a8a6664e63e203d453827372ee5062cb7cde5fe4adaa167ca94743523,3
5776831,0b51153515919240055953000e8a57,405835,0.1.1.2.7.1.24.2.1,75e56c8fbb9336eb4dd40f5f609d5344203d374d73fd0b8d2bce19f754070f6a,rpc,(?),0586a37377e30279d689c177b1856e41ee35c81ecf4669be2f8436e503dab3d3,2
5776832,0b51153515919240055953000e8a57,405836,0.1.1.2.7.1.24.2.2.1,75e56c8fbb9336eb4dd40f5f609d5344203d374d73fd0b8d2bce19f754070f6a,rpc,(?),2e090d91d70cb54db138452d84c8c5ef0593c25ad70b3ab5903283c06f2df133,2
5776833,0b51153515919240055953000e8a57,405836,0.1.1.2.7.1.24.2.2.2,75e56c8fbb9336eb4dd40f5f609d5344203d374d73fd0b8d2bce19f754070f6a,rpc,(?),2e090d91d70cb54db138452d84c8c5ef0593c25ad70b3ab5903283c06f2df133,2
5776834,0b51153515919240055953000e8a57,405841,0.1.1.2.7.1.24.2.3,75e56c8fbb9336eb4dd40f5f609d5344203d374d73fd0b8d2bce19f754070f6a,rpc,5ba2be786dc249dc3b3cda596a4d121f55a1dcb75b399d293ec2187a3f0632f6,77aea1882662a7bd3dbcb3e4c23df5929b8e175c2628ea91f82290766a9e90f5,26
5776835,0b51153515919240055953000e8a57,405841,0.1.1.2.7.1.24.2.3,75e56c8fbb9336eb4dd40f5f609d5344203d374d73fd0b8d2bce19f754070f6a,rpc,5ba2be786dc249dc3b3cda596a4d121f55a1dcb75b399d293ec2187a3f0632f6,77aea1882662a7bd3dbcb3e4c23df5929b8e175c2628ea91f82290766a9e90f5,-1
5776836,0b51153515919240055953000e8a57,405841,0.1.1.2.7.1.24.2.3.1,5ba2be786dc249dc3b3cda596a4d121f55a1dcb75b399d293ec2187a3f0632f6,mc,1ba37accfe145eb0ac812432bad415d1af09aa9cc7998cb098cabd48d38acc72,,1
5776837,0b51153515919240055953000e8a57,405842,0.1.1.2.7.1.24.2.3.1.1,5ba2be786dc249dc3b3cda596a4d121f55a1dcb75b399d293ec2187a3f0632f6,mc,1ba37accfe145eb0ac812432bad415d1af09aa9cc7998cb098cabd48d38acc72,,1
5776838,0b51153515919240055953000e8a57,405842,0.1.1.2.7.1.24.2.3.1.2,5ba2be786dc249dc3b3cda596a4d121f55a1dcb75b399d293ec2187a3f0632f6,mc,1ba37accfe145eb0ac812432bad415d1af09aa9cc7998cb098cabd48d38acc72,,1
5776839,0b51153515919240055953000e8a57,405842,0.1.1.2.7.1.24.2.3.1.3,5ba2be786dc249dc3b3cda596a4d121f55a1dcb75b399d293ec2187a3f0632f6,mc,1ba37accfe145eb0ac812432bad415d1af09aa9cc7998cb098cabd48d38acc72,,1
5776840,0b51153515919240055953000e8a57,405842,0.1.1.2.7.1.24.2.3.1.4,5ba2be786dc249dc3b3cda596a4d121f55a1dcb75b399d293ec2187a3f0632f6,mc,1ba37accfe145eb0ac812432bad415d1af09aa9cc7998cb098cabd48d38acc72,,1
5776841,0b51153515919240055953000e8a57,405842,0.1.1.2.7.1.24.2.3.1.5,5ba2be786dc249dc3b3cda596a4d121f55a1dcb75b399d293ec2187a3f0632f6,mc,1ba37accfe145eb0ac812432bad415d1af09aa9cc7998cb098cabd48d38acc72,,1
5776842,0b51153515919240055953000e8a57,405842,0.1.1.2.7.1.24.2.3.1.6,5ba2be786dc249dc3b3cda596a4d121f55a1dcb75b399d293ec2187a3f0632f6,mc,1ba37accfe145eb0ac812432bad415d1af09aa9cc7998cb098cabd48d38acc72,,1
5776843,0b51153515919240055953000e8a57,405845,0.1.1.2.7.1.24.2.2.3,75e56c8fbb9336eb4dd40f5f609d5344203d374d73fd0b8d2bce19f754070f6a,rpc,(?),ce4e4e0db1fda0ce47319cc75fdd32762255e87e474e6ce57ac4314caaad0c18,3
5776844,0b51153515919240055953000e8a57,405846,0.1.1.2.7.1.24.2.2.4.1,75e56c8fbb9336eb4dd40f5f609d5344203d374d73fd0b8d2bce19f754070f6a,rpc,(?),1a904f917c3919e8b77e42e00dd5872a292831b5e754b8acff919c67de405e0c,1
5776845,0b51153515919240055953000e8a57,405846,0.1.1.2.7.1.24.2.2.4,75e56c8fbb9336eb4dd40f5f609d5344203d374d73fd0b8d2bce19f754070f6a,rpc,84f9f68ef003a21288fffe8f9a09a5a29b05f4cc4229b8337d1e3c28b6d07923,ba157fce6191bf75b98609b9a2c17b4237b91f0f4bd36674a9b6991771aaccdd,-3
5776846,0b51153515919240055953000e8a57,405846,0.1.1.2.7.1.24.2.2.4,75e56c8fbb9336eb4dd40f5f609d5344203d374d73fd0b8d2bce19f754070f6a,rpc,84f9f68ef003a21288fffe8f9a09a5a29b05f4cc4229b8337d1e3c28b6d07923,ba157fce6191bf75b98609b9a2c17b4237b91f0f4bd36674a9b6991771aaccdd,-3
5776847,0b51153515919240055953000e8a57,405847,0.1.1.2.7.1.24.2.2.4.2.1,75e56c8fbb9336eb4dd40f5f609d5344203d374d73fd0b8d2bce19f754070f6a,rpc,(?),ae8cbfd00f82d841aa901e073c3faf789d8726d55cee31c2311958e8e1140882,1
5776848,0b51153515919240055953000e8a57,405847,0.1.1.2.7.1.24.2.2.4.2.2,75e56c8fbb9336eb4dd40f5f609d5344203d374d73fd0b8d2bce19f754070f6a,rpc,84f9f68ef003a21288fffe8f9a09a5a29b05f4cc4229b8337d1e3c28b6d07923,ba157fce6191bf75b98609b9a2c17b4237b91f0f4bd36674a9b6991771aaccdd,-1
5776849,0b51153515919240055953000e8a57,405892,0.1.1.2.7.1.9,75e56c8fbb9336eb4dd40f5f609d5344203d374d73fd0b8d2bce19f754070f6a,rpc,f0facca9841a7832c38299f8448958df4dceeadb444631f61ec1cedaa3a88c80,22769a081964f9add00842f8c5d45ce9341c3e401bb0e6f5c1b64988487ee89a,-18
5776850,0b51153515919240055953000e8a57,405892,0.1.1.2.7.1.9,75e56c8fbb9336eb4dd40f5f609d5344203d374d73fd0b8d2bce19f754070f6a,rpc,f0facca9841a7832c38299f8448958df4dceeadb444631f61ec1cedaa3a88c80,22769a081964f9add00842f8c5d45ce9341c3e401bb0e6f5c1b64988487ee89a,-18
5776851,0b51153515919240055953000e8a57,405892,0.1.1.2.7.1.9,75e56c8fbb9336eb4dd40f5f609d5344203d374d73fd0b8d2bce19f754070f6a,rpc,f0facca9841a7832c38299f8448958df4dceeadb444631f61ec1cedaa3a88c80,22769a081964f9add00842f8c5d45ce9341c3e401bb0e6f5c1b64988487ee89a,-18
5776852,0b51153515919240055953000e8a57,405892,0.1.1.2.7.1.9.10,75e56c8fbb9336eb4dd40f5f609d5344203d374d73fd0b8d2bce19f754070f6a,rpc,9a9e8613b6d7d1b573ba38dba19eec9c3cc460ab00cb49a7e7bfb0d93bac9262,7f2e118b0388e346c3062dd70a26228c63ca349cfdb1b9c0f65456bd93f4d1aa,2
5776853,0b51153515919240055953000e8a57,405892,0.1.1.2.7.1.9,75e56c8fbb9336eb4dd40f5f609d5344203d374d73fd0b8d2bce19f754070f6a,rpc,f0facca9841a7832c38299f8448958df4dceeadb444631f61ec1cedaa3a88c80,22769a081964f9add00842f8c5d45ce9341c3e401bb0e6f5c1b64988487ee89a,-18
5776854,0b51153515919240055953000e8a57,405893,0.1.1.2.7.1.9.11,75e56c8fbb9336eb4dd40f5f609d5344203d374d73fd0b8d2bce19f754070f6a,rpc,9a9e8613b6d7d1b573ba38dba19eec9c3cc460ab00cb49a7e7bfb0d93bac9262,7f2e118b0388e346c3062dd70a26228c63ca349cfdb1b9c0f65456bd93f4d1aa,11
5776855,0b51153515919240055953000e8a57,405895,0.1.1.2.7.1.9,9a9e8613b6d7d1b573ba38dba19eec9c3cc460ab00cb49a7e7bfb0d93bac9262,rpc,b226d1a7f7f8526546a4ebb2955fb2bdddb3de88a726a3f43ebe0cb47edaa69e,22769a081964f9add00842f8c5d45ce9341c3e401bb0e6f5c1b64988487ee89a,-11
5776856,0b51153515919240055953000e8a57,405970,0.1.1.2.7.1.9.12,75e56c8fbb9336eb4dd40f5f609d5344203d374d73fd0b8d2bce19f754070f6a,rpc,9a9e8613b6d7d1b573ba38dba19eec9c3cc460ab00cb49a7e7bfb0d93bac9262,7f2e118b0388e346c3062dd70a26228c63ca349cfdb1b9c0f65456bd93f4d1aa,21
5776857,0b51153515919240055953000e8a57,405995,0.1.1.2.7.1.9.13,75e56c8fbb9336eb4dd40f5f609d5344203d374d73fd0b8d2bce19f754070f6a,rpc,9a9e8613b6d7d1b573ba38dba19eec9c3cc460ab00cb49a7e7bfb0d93bac9262,7f2e118b0388e346c3062dd70a26228c63ca349cfdb1b9c0f65456bd93f4d1aa,4
5776858,0b51153515919240055953000e8a57,406045,0.1.1.2.8,95a6f7f8345e2eca31ee74ddc19d547e7fc0f5c8e65772d7b08a68eb5214dc44,mc,01d660afcfadafd587e20ec4c04ddbc7eb0de95643ba0eec5fc1aeb15e341a85,,1
5776859,0b51153515919240055953000e8a57,406046,0.1.1.2.1,95a6f7f8345e2eca31ee74ddc19d547e7fc0f5c8e65772d7b08a68eb5214dc44,mc,2e851da990f42464b9a776942a772cb4911dfca4778b0d3e28dceb3337d65c34,,1
5776860,0b51153515919240055953000e8a57,406046,0.1.1.2.1,95a6f7f8345e2eca31ee74ddc19d547e7fc0f5c8e65772d7b08a68eb5214dc44,mc,9f8edf2b85a2974dafdae8d961043bfa2f2c6e27485a0045bc04d518943d2429,,1
5776861,0b51153515919240055953000e8a57,406046,0.1.1.2.1,95a6f7f8345e2eca31ee74ddc19d547e7fc0f5c8e65772d7b08a68eb5214dc44,mc,4fc1bfac21858f3290fc0a0184e6e9f9faf369ed377c1868f81973453b2bbfe9,,1
5776862,0b51153515919240055953000e8a57,406047,0.1.1.2.1.2,95a6f7f8345e2eca31ee74ddc19d547e7fc0f5c8e65772d7b08a68eb5214dc44,mc,9f8edf2b85a2974dafdae8d961043bfa2f2c6e27485a0045bc04d518943d2429,,1
5776863,0b51153515919240055953000e8a57,406047,0.1.1.2.1.1,95a6f7f8345e2eca31ee74ddc19d547e7fc0f5c8e65772d7b08a68eb5214dc44,mc,9f8edf2b85a2974dafdae8d961043bfa2f2c6e27485a0045bc04d518943d2429,,1
5776864,0b51153515919240055953000e8a57,406047,0.1.1.2.1.1,95a6f7f8345e2eca31ee74ddc19d547e7fc0f5c8e65772d7b08a68eb5214dc44,mc,4fc1bfac21858f3290fc0a0184e6e9f9faf369ed377c1868f81973453b2bbfe9,,1
5776865,0b51153515919240055953000e8a57,406047,0.1.1.2.1.1,95a6f7f8345e2eca31ee74ddc19d547e7fc0f5c8e65772d7b08a68eb5214dc44,mc,2e851da990f42464b9a776942a772cb4911dfca4778b0d3e28dceb3337d65c34,,1
5776866,0b51153515919240055953000e8a57,406047,0.1.1.2.1.3,95a6f7f8345e2eca31ee74ddc19d547e7fc0f5c8e65772d7b08a68eb5214dc44,mc,9f8edf2b85a2974dafdae8d961043bfa2f2c6e27485a0045bc04d518943d2429,,1
5776867,0b51153515919240055953000e8a57,406047,0.1.1.2.1.4,95a6f7f8345e2eca31ee74ddc19d547e7fc0f5c8e65772d7b08a68eb5214dc44,mc,9f8edf2b85a2974dafdae8d961043bfa2f2c6e27485a0045bc04d518943d2429,,1
5776868,0b51153515919240055953000e8a57,406047,0.1.1.2.1.2,95a6f7f8345e2eca31ee74ddc19d547e7fc0f5c8e65772d7b08a68eb5214dc44,mc,4fc1bfac21858f3290fc0a0184e6e9f9faf369ed377c1868f81973453b2bbfe9,,1
5776869,0b51153515919240055953000e8a57,405600,0.1.1.2.3.1,95a6f7f8345e2eca31ee74ddc19d547e7fc0f5c8e65772d7b08a68eb5214dc44,mc,6746853e39c5008988baf677bf27c846ee99173cafdec2aa8c949843d3a94b95,,1
5776870,0b51153515919240055953000e8a57,405600,0.1.1.2.2,95a6f7f8345e2eca31ee74ddc19d547e7fc0f5c8e65772d7b08a68eb5214dc44,mc,46a6d5047ff9337b34dbdf42c07843d60367ece052e92e004c7dbc3348b3bc75,,0
5776871,0b51153515919240055953000e8a57,405601,0.1.1.2.3.2,95a6f7f8345e2eca31ee74ddc19d547e7fc0f5c8e65772d7b08a68eb5214dc44,mc,04940a16b54c3d25fe069d5fa3b209e6897040996c3715a8f684b7dddb1d7ef9,,1
5776872,0b51153515919240055953000e8a57,405602,0.1.1.2.3.3,95a6f7f8345e2eca31ee74ddc19d547e7fc0f5c8e65772d7b08a68eb5214dc44,mc,9cc1113009ea0ec1a4cf99fa6984bd49be8dd026be42921fc6897e5bf121efad,,0
5776873,0b51153515919240055953000e8a57,405602,0.1.1.2.1.2,1bf21ceb4b024afe56aefe9d977a0351b75863ed2e671dd9972f409ace02c664,mc,1443ce9fa50ad31e3ea4022d4e6ce98a69c537f307e1894680b03a94130d5f3c,,1
5776874,0b51153515919240055953000e8a57,405602,0.1.1.2.1.1,1bf21ceb4b024afe56aefe9d977a0351b75863ed2e671dd9972f409ace02c664,rpc,e5155edb237fd9a04d9b322383113d21db13ade01944a5bb6b961a4092d2bc74,2ca777c08c016f96b969947bc3f634ab56cf4423885d16c85282ed56a7992b73,16
5776875,0b51153515919240055953000e8a57,405602,0.1.1.2.1,95a6f7f8345e2eca31ee74ddc19d547e7fc0f5c8e65772d7b08a68eb5214dc44,rpc,1bf21ceb4b024afe56aefe9d977a0351b75863ed2e671dd9972f409ace02c664,1c2108b6b2a6723d7802cad28abe9c62648c232b4c5926de901e46d1b65f6fe3,-16
5776876,0b51153515919240055953000e8a57,405603,0.1.1.2.4,95a6f7f8345e2eca31ee74ddc19d547e7fc0f5c8e65772d7b08a68eb5214dc44,rpc,95a6f7f8345e2eca31ee74ddc19d547e7fc0f5c8e65772d7b08a68eb5214dc44,6184be0ba70baacff49730440a616c7521abb9d09bf4d663af75505b2f91fa39,0
5776877,0b51153515919240055953000e8a57,405603,0.1.1.2.4.1,95a6f7f8345e2eca31ee74ddc19d547e7fc0f5c8e65772d7b08a68eb5214dc44,mc,6746853e39c5008988baf677bf27c846ee99173cafdec2aa8c949843d3a94b95,,0
5776878,0b51153515919240055953000e8a57,405603,0.1.1.2.1.1.7.1.1,74bdd25fc1a1236acfdee2b196cafe1987c84b307dde39e3ba1a52f2d1054492,mc,fce6aaa8dc5be676bfde0247b9b5a4a0a9f5a56b1ec230dd4874d55ac3058136,,1
5776879,0b51153515919240055953000e8a57,405603,0.1.1.2.1.1.7.1,b5363262982f9ddea0e1d8acb112df82fb29117fe56eb6c5b9380d47dc13937c,rpc,74bdd25fc1a1236acfdee2b196cafe1987c84b307dde39e3ba1a52f2d1054492,2516f64d73c2dc4e51c3b693ac26d91bbcdc922b258c58c18204e3c32f7a0079,-2
5776880,0b51153515919240055953000e8a57,405604,0.1.1.2.1.1.8.1,b2fa85a99de82090b021dd9d2b4e8d05e91f28fa9dfbf6f4cbe181cd0378a61f,rpc,b79b88df9430ec384ed84c4e800b13952ba3b9eb71a96c7dd8e78f6954da4a3f,9e79a52aac234b57b6adaf367f35d9c301195ad3b0ec37ba90dac70591009e78,2
5776881,0b51153515919240055953000e8a57,405604,0.1.1.2.1.1.8,e5155edb237fd9a04d9b322383113d21db13ade01944a5bb6b961a4092d2bc74,rpc,b2fa85a99de82090b021dd9d2b4e8d05e91f28fa9dfbf6f4cbe181cd0378a61f,f63c29dcab24553cf5c8324c971e3311bce624f652d9d711a98adb9fc7f8d228,-2
5776882,0b51153515919240055953000e8a57,405607,0.1.1.2.1.1.13.1.1,687bb19922719c7a9c8a4bdf9203c6f5b4a8b230c156bcbe20976c5ab9e3b05f,mc,bbb95f31b8492d404c35ed4947d32d545f02331d9bf65d4147789bd73f0f50dc,,1
5776883,0b51153515919240055953000e8a57,405607,0.1.1.2.1.1.13.1,b2fa85a99de82090b021dd9d2b4e8d05e91f28fa9dfbf6f4cbe181cd0378a61f,rpc,687bb19922719c7a9c8a4bdf9203c6f5b4a8b230c156bcbe20976c5ab9e3b05f,697bae8e268ebb97f3ab0d9f527d401ac257822e1e48b08dee7978b884eed9cf,-1
5776884,0b51153515919240055953000e8a57,405607,0.1.1.2.1.1.10.1.1,74bdd25fc1a1236acfdee2b196cafe1987c84b307dde39e3ba1a52f2d1054492,mc,fce6aaa8dc5be676bfde0247b9b5a4a0a9f5a56b1ec230dd4874d55ac3058136,,2
5776885,0b51153515919240055953000e8a57,405607,0.1.1.2.1.1.10.1,b5363262982f9ddea0e1d8acb112df82fb29117fe56eb6c5b9380d47dc13937c,rpc,74bdd25fc1a1236acfdee2b196cafe1987c84b307dde39e3ba1a52f2d1054492,2516f64d73c2dc4e51c3b693ac26d91bbcdc922b258c58c18204e3c32f7a0079,-3
5776886,0b51153515919240055953000e8a57,405607,0.1.1.2.1.1.11.1,b5363262982f9ddea0e1d8acb112df82fb29117fe56eb6c5b9380d47dc13937c,rpc,74bdd25fc1a1236acfdee2b196cafe1987c84b307dde39e3ba1a52f2d1054492,2516f64d73c2dc4e51c3b693ac26d91bbcdc922b258c58c18204e3c32f7a0079,-2
5776887,0b51153515919240055953000e8a57,405607,0.1.1.2.1.1.11.1.1,74bdd25fc1a1236acfdee2b196cafe1987c84b307dde39e3ba1a52f2d1054492,mc,fce6aaa8dc5be676bfde0247b9b5a4a0a9f5a56b1ec230dd4874d55ac3058136,,1
5776888,0b51153515919240055953000e8a57,405608,0.1.1.2.1.1.13.1,b2fa85a99de82090b021dd9d2b4e8d05e91f28fa9dfbf6f4cbe181cd0378a61f,rpc,687bb19922719c7a9c8a4bdf9203c6f5b4a8b230c156bcbe20976c5ab9e3b05f,697bae8e268ebb97f3ab0d9f527d401ac257822e1e48b08dee7978b884eed9cf,1
5776889,0b51153515919240055953000e8a57,405608,0.1.1.2.1.1.13,e5155edb237fd9a04d9b322383113d21db13ade01944a5bb6b961a4092d2bc74,rpc,b2fa85a99de82090b021dd9d2b4e8d05e91f28fa9dfbf6f4cbe181cd0378a61f,fb10af576c8e67313ccf7156cc7ce26390fcbea7a4b7f760626de15b99cfe290,-1
5776890,0b51153515919240055953000e8a57,405612,0.1.1.2.1.1.14.1,b5363262982f9ddea0e1d8acb112df82fb29117fe56eb6c5b9380d47dc13937c,rpc,74bdd25fc1a1236acfdee2b196cafe1987c84b307dde39e3ba1a52f2d1054492,2516f64d73c2dc4e51c3b693ac26d91bbcdc922b258c58c18204e3c32f7a0079,-3
5776891,0b51153515919240055953000e8a57,405612,0.1.1.2.1.1.14.1.1,74bdd25fc1a1236acfdee2b196cafe1987c84b307dde39e3ba1a52f2d1054492,mc,fce6aaa8dc5be676bfde0247b9b5a4a0a9f5a56b1ec230dd4874d55ac3058136,,2
5776892,0b51153515919240055953000e8a57,405619,0.1.1.2.5,95a6f7f8345e2eca31ee74ddc19d547e7fc0f5c8e65772d7b08a68eb5214dc44,mc,b91aa786dae1bcb16f3b077b408d3f1831f733ec91a5c5bbd3c20caf9b44b9e4,,0
5776893,0b51153515919240055953000e8a57,405620,0.1.1.2.6.1,95a6f7f8345e2eca31ee74ddc19d547e7fc0f5c8e65772d7b08a68eb5214dc44,mc,6746853e39c5008988baf677bf27c846ee99173cafdec2aa8c949843d3a94b95,,0
5776894,0b51153515919240055953000e8a57,405620,0.1.1.2.6,95a6f7f8345e2eca31ee74ddc19d547e7fc0f5c8e65772d7b08a68eb5214dc44,rpc,95a6f7f8345e2eca31ee74ddc19d547e7fc0f5c8e65772d7b08a68eb5214dc44,46d058bbf56730b63f563bbfb0438b3ed1148862a625fe75ac2e41ecaa9ef0e2,0
5776895,0b51153515919240055953000e8a57,405621,0.1.1.2.7,95a6f7f8345e2eca31ee74ddc19d547e7fc0f5c8e65772d7b08a68eb5214dc44,rpc,3cab0a98767379fbcd059750c07ec42dbd0374cb114e0f8dc3a75bbaf4eed7d3,4d339580a884a171daf87ab15a52323a1d6df899f5a6cb7a0629d7e1e3808b73,422
5776896,0b51153515919240055953000e8a57,405622,0.1.1.2.7,95a6f7f8345e2eca31ee74ddc19d547e7fc0f5c8e65772d7b08a68eb5214dc44,rpc,3cab0a98767379fbcd059750c07ec42dbd0374cb114e0f8dc3a75bbaf4eed7d3,4d339580a884a171daf87ab15a52323a1d6df899f5a6cb7a0629d7e1e3808b73,-415
5776897,0b51153515919240055953000e8a57,405623,0.1.1.2.7.1,3cab0a98767379fbcd059750c07ec42dbd0374cb114e0f8dc3a75bbaf4eed7d3,rpc,75e56c8fbb9336eb4dd40f5f609d5344203d374d73fd0b8d2bce19f754070f6a,dd3e967cde542fcf2928f6787880e9c17d55b555321e90be4c02329d7ce564b6,416
5776898,0b51153515919240055953000e8a57,405625,0.1.1.2.7.1.3,75e56c8fbb9336eb4dd40f5f609d5344203d374d73fd0b8d2bce19f754070f6a,rpc,84f9f68ef003a21288fffe8f9a09a5a29b05f4cc4229b8337d1e3c28b6d07923,ba157fce6191bf75b98609b9a2c17b4237b91f0f4bd36674a9b6991771aaccdd,-1
5776899,0b51153515919240055953000e8a57,405626,0.1.1.2.7.1.4,75e56c8fbb9336eb4dd40f5f609d5344203d374d73fd0b8d2bce19f754070f6a,rpc,75e56c8fbb9336eb4dd40f5f609d5344203d374d73fd0b8d2bce19f754070f6a,6a313f2be81036ded87aa4ddf2e4907635ba134f8ef983a73954e82d372f50ca,-34
5776900,0b51153515919240055953000e8a57,405627,0.1.1.2.7.1.4.0,75e56c8fbb9336eb4dd40f5f609d5344203d374d73fd0b8d2bce19f754070f6a,userDefined,75e56c8fbb9336eb4dd40f5f609d5344203d374d73fd0b8d2bce19f754070f6a,,33
5776901,0b51153515919240055953000e8a57,405627,0.1.1.2.7.1.4.1,75e56c8fbb9336eb4dd40f5f609d5344203d374d73fd0b8d2bce19f754070f6a,rpc,9a9e8613b6d7d1b573ba38dba19eec9c3cc460ab00cb49a7e7bfb0d93bac9262,7f2e118b0388e346c3062dd70a26228c63ca349cfdb1b9c0f65456bd93f4d1aa,1
5776902,0b51153515919240055953000e8a57,405628,0.1.1.2.7.1.4.3,75e56c8fbb9336eb4dd40f5f609d5344203d374d73fd0b8d2bce19f754070f6a,rpc,75e56c8fbb9336eb4dd40f5f609d5344203d374d73fd0b8d2bce19f754070f6a,5c6bfed7ca6bc6954dfe566ee47fc9e70fb4c97c2554777fc60b6add94411ef8,31
5776903,0b51153515919240055953000e8a57,405628,0.1.1.2.7.1.4.2,75e56c8fbb9336eb4dd40f5f609d5344203d374d73fd0b8d2bce19f754070f6a,rpc,(?),8d817d3caec1f79aa77f94a622702036ca6110f9e3bb574f29bd900b0216d7dd,3
5776904,0b51153515919240055953000e8a57,405630,0.1.1.2.7.1.4.3.3.1.1,73eab0278dbf5ccb67f1c303b0770627c6223871c4874f31cdb3dffaee54ac18,mc,385d6716634806eae637933a023d11d211e465df6f43c82c0b7daf8af496c154,,1
5776905,0b51153515919240055953000e8a57,405630,0.1.1.2.7.1.4.3.3.1,614c66b178d3cfe299b11254ecb4321f85beca4b2ccac893363875cc06272d4f,rpc,73eab0278dbf5ccb67f1c303b0770627c6223871c4874f31cdb3dffaee54ac18,9f1d22b93c31d046e17c7c65ed3f064bd03845d2544785d59cf146e39e1cb018,-16
5776906,0b51153515919240055953000e8a57,405631,0.1.1.2.7.1.4.3.3.1.2,73eab0278dbf5ccb67f1c303b0770627c6223871c4874f31cdb3dffaee54ac18,rpc,3cab0a98767379fbcd059750c07ec42dbd0374cb114e0f8dc3a75bbaf4eed7d3,40832d36b6fe86d8a80c251f9a800ab9c2b471028961ab2913d99d04fd5ef0e3,10
5776907,0b51153515919240055953000e8a57,405631,0.1.1.2.7.1.4.3.3,75e56c8fbb9336eb4dd40f5f609d5344203d374d73fd0b8d2bce19f754070f6a,rpc,614c66b178d3cfe299b11254ecb4321f85beca4b2ccac893363875cc06272d4f,69bdd2ad324714b92bc8087391fdfd223ac4ec2b415d37a4e39449693d4164a6,-20
5776908,0b51153515919240055953000e8a57,405631,0.1.1.2.7.1.4.3.3.1,614c66b178d3cfe299b11254ecb4321f85beca4b2ccac893363875cc06272d4f,rpc,73eab0278dbf5ccb67f1c303b0770627c6223871c4874f31cdb3dffaee54ac18,9f1d22b93c31d046e17c7c65ed3f064bd03845d2544785d59cf146e39e1cb018,17
5776909,0b51153515919240055953000e8a57,405634,0.1.1.2.7.1.4.3.3.1.2.1.1,75e56c8fbb9336eb4dd40f5f609d5344203d374d73fd0b8d2bce19f754070f6a,rpc,84f9f68ef003a21288fffe8f9a09a5a29b05f4cc4229b8337d1e3c28b6d07923,ba157fce6191bf75b98609b9a2c17b4237b91f0f4bd36674a9b6991771aaccdd,0
5776910,0b51153515919240055953000e8a57,405641,0.1.1.2.7.1.4.3.3.1.3,73eab0278dbf5ccb67f1c303b0770627c6223871c4874f31cdb3dffaee54ac18,mc,385d6716634806eae637933a023d11d211e465df6f43c82c0b7daf8af496c154,,1
5776911,0b51153515919240055953000e8a57,405642,0.1.1.2.7.1.4.3.3.1.4,73eab0278dbf5ccb67f1c303b0770627c6223871c4874f31cdb3dffaee54ac18,rpc,73eab0278dbf5ccb67f1c303b0770627c6223871c4874f31cdb3dffaee54ac18,6184be0ba70baacff49730440a616c7521abb9d09bf4d663af75505b2f91fa39,0
5776912,0b51153515919240055953000e8a57,405642,0.1.1.2.7.1.4.3.3.1.4.1,73eab0278dbf5ccb67f1c303b0770627c6223871c4874f31cdb3dffaee54ac18,mc,6746853e39c5008988baf677bf27c846ee99173cafdec2aa8c949843d3a94b95,,0
5776913,0b51153515919240055953000e8a57,405644,0.1.1.2.7.1.4.3.3.1.5,73eab0278dbf5ccb67f1c303b0770627c6223871c4874f31cdb3dffaee54ac18,db,e2c3e8ebbea8ebdf8cb322e704d19e15e142ce2414be944e4ad922ef868309cb,,0
5776914,0b51153515919240055953000e8a57,405645,0.1.1.2.7.1.4.3.3.1.6,73eab0278dbf5ccb67f1c303b0770627c6223871c4874f31cdb3dffaee54ac18,db,e2c3e8ebbea8ebdf8cb322e704d19e15e142ce2414be944e4ad922ef868309cb,,1
5776915,0b51153515919240055953000e8a57,405648,0.1.1.2.7.1.4.3.3.2,614c66b178d3cfe299b11254ecb4321f85beca4b2ccac893363875cc06272d4f,mc,4bba5c2371c3384862e69615979c2aa5b7f1b4fc3ea914d070f203f932f87f65,,1
5776916,0b51153515919240055953000e8a57,405649,0.1.1.2.7.1.4.3.3.3,614c66b178d3cfe299b11254ecb4321f85beca4b2ccac893363875cc06272d4f,rpc,9a9e8613b6d7d1b573ba38dba19eec9c3cc460ab00cb49a7e7bfb0d93bac9262,603397982129ca7e0132392729db95219f557e3ad46d6874fe0da82038526ebc,1
5776917,0b51153515919240055953000e8a57,405649,0.1.1.2.7.1.12,75e56c8fbb9336eb4dd40f5f609d5344203d374d73fd0b8d2bce19f754070f6a,rpc,b53f8e2c1722bba4f5819ecf0d6d1dc522825977126aee6312d2480ede7889ed,bdd9dafbbdcbd382e40fe5795e5bc68d096a27ea7b09818503e333c3a750b5ca,-139
5776918,0b51153515919240055953000e8a57,405649,0.1.1.2.7.1.17,75e56c8fbb9336eb4dd40f5f609d5344203d374d73fd0b8d2bce19f754070f6a,rpc,84f9f68ef003a21288fffe8f9a09a5a29b05f4cc4229b8337d1e3c28b6d07923,ba157fce6191bf75b98609b9a2c17b4237b91f0f4bd36674a9b6991771aaccdd,-1
5776919,0b51153515919240055953000e8a57,405650,0.1.1.2.7.1.4.3.3.4,614c66b178d3cfe299b11254ecb4321f85beca4b2ccac893363875cc06272d4f,mc,4bba5c2371c3384862e69615979c2aa5b7f1b4fc3ea914d070f203f932f87f65,,1
5776920,0b51153515919240055953000e8a57,405651,0.1.1.2.7.1.9,75e56c8fbb9336eb4dd40f5f609d5344203d374d73fd0b8d2bce19f754070f6a,rpc,75e56c8fbb9336eb4dd40f5f609d5344203d374d73fd0b8d2bce19f754070f6a,fec7fa5659bcaad37d97e2ca237bc50483cc0f95772495dc1a97d11fb4a2c251,-358
5776921,0b51153515919240055953000e8a57,405651,0.1.1.2.7.1.9.0,75e56c8fbb9336eb4dd40f5f609d5344203d374d73fd0b8d2bce19f754070f6a,userDefined,75e56c8fbb9336eb4dd40f5f609d5344203d374d73fd0b8d2bce19f754070f6a,,357
5776922,0b51153515919240055953000e8a57,405651,0.1.1.2.7.1.11,75e56c8fbb9336eb4dd40f5f609d5344203d374d73fd0b8d2bce19f754070f6a,rpc,75e56c8fbb9336eb4dd40f5f609d5344203d374d73fd0b8d2bce19f754070f6a,373d34a13c6a1f70883552a9b9e5ce50d8c9d3116af9f0a54d4066252a30d36f,-148
5776923,0b51153515919240055953000e8a57,405651,0.1.1.2.7.1.11.0,75e56c8fbb9336eb4dd40f5f609d5344203d374d73fd0b8d2bce19f754070f6a,userDefined,75e56c8fbb9336eb4dd40f5f609d5344203d374d73fd0b8d2bce19f754070f6a,,148
5776924,0b51153515919240055953000e8a57,405651,0.1.1.2.7.1.20.0,75e56c8fbb9336eb4dd40f5f609d5344203d374d73fd0b8d2bce19f754070f6a,userDefined,75e56c8fbb9336eb4dd40f5f609d5344203d374d73fd0b8d2bce19f754070f6a,,85
5776925,0b51153515919240055953000e8a57,405651,0.1.1.2.7.1.20,75e56c8fbb9336eb4dd40f5f609d5344203d374d73fd0b8d2bce19f754070f6a,rpc,75e56c8fbb9336eb4dd40f5f609d5344203d374d73fd0b8d2bce19f754070f6a,39ca2d6c42ae20572225cd722f6883899bd2fb231618113cf7acee2f0824f807,-85
5776926,0b51153515919240055953000e8a57,405651,0.1.1.2.7.1.18,75e56c8fbb9336eb4dd40f5f609d5344203d374d73fd0b8d2bce19f754070f6a,rpc,75e56c8fbb9336eb4dd40f5f609d5344203d374d73fd0b8d2bce19f754070f6a,9edcdfe2d66b17974feb344f2b6d29244ceaac2c03dbd2dfa8ff1e4bba66f0a3,-2
5776927,0b51153515919240055953000e8a57,405651,0.1.1.2.7.1.18.0,75e56c8fbb9336eb4dd40f5f609d5344203d374d73fd0b8d2bce19f754070f6a,userDefined,75e56c8fbb9336eb4dd40f5f609d5344203d374d73fd0b8d2bce19f754070f6a,,2
5776928,0b51153515919240055953000e8a57,405651,0.1.1.2.7.1.21,75e56c8fbb9336eb4dd40f5f609d5344203d374d73fd0b8d2bce19f754070f6a,rpc,(?),f49e849edc7041ecb6c5c2a02cc1a977603fd0ad69b1844cca971cde233117c9,-144
5776929,0b51153515919240055953000e8a57,405651,0.1.1.2.7.1.21.0,(?),userDefined,(?),,144
5776930,0b51153515919240055953000e8a57,405652,0.1.1.2.7.1.18.1,75e56c8fbb9336eb4dd40f5f609d5344203d374d73fd0b8d2bce19f754070f6a,rpc,9a9e8613b6d7d1b573ba38dba19eec9c3cc460ab00cb49a7e7bfb0d93bac9262,7f2e118b0388e346c3062dd70a26228c63ca349cfdb1b9c0f65456bd93f4d1aa,0
5776931,0b51153515919240055953000e8a57,405600,0.1.1.2.3,95a6f7f8345e2eca31ee74ddc19d547e7fc0f5c8e65772d7b08a68eb5214dc44,rpc,95a6f7f8345e2eca31ee74ddc19d547e7fc0f5c8e65772d7b08a68eb5214dc44,6184be0ba70baacff49730440a616c7521abb9d09bf4d663af75505b2f91fa39,2
5776932,0b51153515919240055953000e8a57,405599,0.1.1.2,95a6f7f8345e2eca31ee74ddc19d547e7fc0f5c8e65772d7b08a68eb5214dc44,rpc,(?),c2b4c3c84f1ae3cbdab470f4386ca09623a4223cdd001e5078c7933f3566e3ea,469
5776933,0b51153515919240055953000e8a57,405599,0.1.1.2,95a6f7f8345e2eca31ee74ddc19d547e7fc0f5c8e65772d7b08a68eb5214dc44,rpc,95a6f7f8345e2eca31ee74ddc19d547e7fc0f5c8e65772d7b08a68eb5214dc44,c2b4c3c84f1ae3cbdab470f4386ca09623a4223cdd001e5078c7933f3566e3ea,-469
5776934,0b51153515919240055953000e8a57,405599,0.1.1.2.1,95a6f7f8345e2eca31ee74ddc19d547e7fc0f5c8e65772d7b08a68eb5214dc44,rpc,1bf21ceb4b024afe56aefe9d977a0351b75863ed2e671dd9972f409ace02c664,1c2108b6b2a6723d7802cad28abe9c62648c232b4c5926de901e46d1b65f6fe3,18
5776935,0b51153515919240055953000e8a57,405599,0.1.1.2.1,95a6f7f8345e2eca31ee74ddc19d547e7fc0f5c8e65772d7b08a68eb5214dc44,mc,2e851da990f42464b9a776942a772cb4911dfca4778b0d3e28dceb3337d65c34,,1
5776936,0b51153515919240055953000e8a57,405652,0.1.1.2.7.1.21.1,(?),rpc,9a9e8613b6d7d1b573ba38dba19eec9c3cc460ab00cb49a7e7bfb0d93bac9262,7f2e118b0388e346c3062dd70a26228c63ca349cfdb1b9c0f65456bd93f4d1aa,1
5776937,0b51153515919240055953000e8a57,405652,0.1.1.2.7.1.20.1,75e56c8fbb9336eb4dd40f5f609d5344203d374d73fd0b8d2bce19f754070f6a,rpc,75e56c8fbb9336eb4dd40f5f609d5344203d374d73fd0b8d2bce19f754070f6a,8002870f95050a499e718f4613259b75ac2d1165a80a02f02c2d9b31e3d385da,52
5776938,0b51153515919240055953000e8a57,405652,0.1.1.2.7.1.11.0,75e56c8fbb9336eb4dd40f5f609d5344203d374d73fd0b8d2bce19f754070f6a,userDefined,75e56c8fbb9336eb4dd40f5f609d5344203d374d73fd0b8d2bce19f754070f6a,,146
5776939,0b51153515919240055953000e8a57,405653,0.1.1.2.7.1.11.1,75e56c8fbb9336eb4dd40f5f609d5344203d374d73fd0b8d2bce19f754070f6a,rpc,75e56c8fbb9336eb4dd40f5f609d5344203d374d73fd0b8d2bce19f754070f6a,e1d4a2c892312fcc29dc3b40473e7fbf05dc8a7315927dc6d326ab7967eea8ae,36
5776940,0b51153515919240055953000e8a57,405653,0.1.1.2.7.1.20.1.0,75e56c8fbb9336eb4dd40f5f609d5344203d374d73fd0b8d2bce19f754070f6a,userDefined,75e56c8fbb9336eb4dd40f5f609d5344203d374d73fd0b8d2bce19f754070f6a,,50
5776941,0b51153515919240055953000e8a57,405653,0.1.1.2.7.1.20.1,75e56c8fbb9336eb4dd40f5f609d5344203d374d73fd0b8d2bce19f754070f6a,rpc,75e56c8fbb9336eb4dd40f5f609d5344203d374d73fd0b8d2bce19f754070f6a,8002870f95050a499e718f4613259b75ac2d1165a80a02f02c2d9b31e3d385da,-50
5776942,0b51153515919240055953000e8a57,405653,0.1.1.2.7.1.21.3,(?),rpc,9a9e8613b6d7d1b573ba38dba19eec9c3cc460ab00cb49a7e7bfb0d93bac9262,7f2e118b0388e346c3062dd70a26228c63ca349cfdb1b9c0f65456bd93f4d1aa,4
5776943,0b51153515919240055953000e8a57,405653,0.1.1.2.7.1.21.2,(?),rpc,9a9e8613b6d7d1b573ba38dba19eec9c3cc460ab00cb49a7e7bfb0d93bac9262,7f2e118b0388e346c3062dd70a26228c63ca349cfdb1b9c0f65456bd93f4d1aa,0
5776944,0b51153515919240055953000e8a57,405654,0.1.1.2.7.1.20.1.1,75e56c8fbb9336eb4dd40f5f609d5344203d374d73fd0b8d2bce19f754070f6a,rpc,9a9e8613b6d7d1b573ba38dba19eec9c3cc460ab00cb49a7e7bfb0d93bac9262,7f2e118b0388e346c3062dd70a26228c63ca349cfdb1b9c0f65456bd93f4d1aa,3
5776945,0b51153515919240055953000e8a57,405654,0.1.1.2.7.1.11.2,75e56c8fbb9336eb4dd40f5f609d5344203d374d73fd0b8d2bce19f754070f6a,rpc,(?),88548bde68db3ce9b9fd330fe5f5344dee93f048991392b0b4aa515a6bfc1fbb,45
5776946,0b51153515919240055953000e8a57,405654,0.1.1.2.7.1.9.2,75e56c8fbb9336eb4dd40f5f609d5344203d374d73fd0b8d2bce19f754070f6a,rpc,75e56c8fbb9336eb4dd40f5f609d5344203d374d73fd0b8d2bce19f754070f6a,030ca45e07aaa0e7e9c0e01acd6849246cec4382b86a26ba78f8a4a8a86b9744,45
5776947,0b51153515919240055953000e8a57,405654,0.1.1.2.7.1.9.1,75e56c8fbb9336eb4dd40f5f609d5344203d374d73fd0b8d2bce19f754070f6a,rpc,9a9e8613b6d7d1b573ba38dba19eec9c3cc460ab00cb49a7e7bfb0d93bac9262,7f2e118b0388e346c3062dd70a26228c63ca349cfdb1b9c0f65456bd93f4d1aa,1
5776948,0b51153515919240055953000e8a57,405654,0.1.1.2.7.1.11.1.0,75e56c8fbb9336eb4dd40f5f609d5344203d374d73fd0b8d2bce19f754070f6a,userDefined,75e56c8fbb9336eb4dd40f5f609d5344203d374d73fd0b8d2bce19f754070f6a,,35
5776949,0b51153515919240055953000e8a57,405654,0.1.1.2.7.1.11.1,75e56c8fbb9336eb4dd40f5f609d5344203d374d73fd0b8d2bce19f754070f6a,rpc,75e56c8fbb9336eb4dd40f5f609d5344203d374d73fd0b8d2bce19f754070f6a,e1d4a2c892312fcc29dc3b40473e7fbf05dc8a7315927dc6d326ab7967eea8ae,-35
5776950,0b51153515919240055953000e8a57,405654,0.1.1.2.7.1.10.1,75e56c8fbb9336eb4dd40f5f609d5344203d374d73fd0b8d2bce19f754070f6a,rpc,75e56c8fbb9336eb4dd40f5f609d5344203d374d73fd0b8d2bce19f754070f6a,b0d07152e1ff012918fd851dd3d0528444c171267187d20890021161c8344406,-24
5776951,0b51153515919240055953000e8a57,405654,0.1.1.2.7.1.10.1.0,75e56c8fbb9336eb4dd40f5f609d5344203d374d73fd0b8d2bce19f754070f6a,userDefined,75e56c8fbb9336eb4dd40f5f609d5344203d374d73fd0b8d2bce19f754070f6a,,24
5776952,0b51153515919240055953000e8a57,405654,0.1.1.2.7.1.9.2,75e56c8fbb9336eb4dd40f5f609d5344203d374d73fd0b8d2bce19f754070f6a,rpc,75e56c8fbb9336eb4dd40f5f609d5344203d374d73fd0b8d2bce19f754070f6a,030ca45e07aaa0e7e9c0e01acd6849246cec4382b86a26ba78f8a4a8a86b9744,-44
5776953,0b51153515919240055953000e8a57,405597,0.1.1,(?),http,95a6f7f8345e2eca31ee74ddc19d547e7fc0f5c8e65772d7b08a68eb5214dc44,ae7f9631cf34055ec046df01393685d421b4ac509d0bd50352577381a8be0ac3,-476
5776954,0b51153515919240055953000e8a57,405597,0.1.1.1,95a6f7f8345e2eca31ee74ddc19d547e7fc0f5c8e65772d7b08a68eb5214dc44,mc,9653f5baba69c9fb50bfb30a8571eb04dbceaae7c7f379e20bd73a41168a2913,,1
5776955,0b51153515919240055953000e8a57,405655,0.1.1.2.7.1.9.2.0,75e56c8fbb9336eb4dd40f5f609d5344203d374d73fd0b8d2bce19f754070f6a,userDefined,75e56c8fbb9336eb4dd40f5f609d5344203d374d73fd0b8d2bce19f754070f6a,,43
5776956,0b51153515919240055953000e8a57,405655,0.1.1.2.7.1.11.1.2.1,75e56c8fbb9336eb4dd40f5f609d5344203d374d73fd0b8d2bce19f754070f6a,rpc,9a9e8613b6d7d1b573ba38dba19eec9c3cc460ab00cb49a7e7bfb0d93bac9262,7f2e118b0388e346c3062dd70a26228c63ca349cfdb1b9c0f65456bd93f4d1aa,4
5776957,0b51153515919240055953000e8a57,405655,0.1.1.2.7.1.11.1.1,75e56c8fbb9336eb4dd40f5f609d5344203d374d73fd0b8d2bce19f754070f6a,http,(?),14e30cd163c732912e048c4c837e15c4e90c062ebb795ab947d57706e2d10dd8,5
5776958,0b51153515919240055953000e8a57,405655,0.1.1.2.7.1.23.3,75e56c8fbb9336eb4dd40f5f609d5344203d374d73fd0b8d2bce19f754070f6a,rpc,84f9f68ef003a21288fffe8f9a09a5a29b05f4cc4229b8337d1e3c28b6d07923,ba157fce6191bf75b98609b9a2c17b4237b91f0f4bd36674a9b6991771aaccdd,0
5776959,0b51153515919240055953000e8a57,405655,0.1.1.2.7.1.11.3.1,75e56c8fbb9336eb4dd40f5f609d5344203d374d73fd0b8d2bce19f754070f6a,http,(?),14e30cd163c732912e048c4c837e15c4e90c062ebb795ab947d57706e2d10dd8,8
5776960,0b51153515919240055953000e8a57,405656,0.1.1.2.7.1.9.3,75e56c8fbb9336eb4dd40f5f609d5344203d374d73fd0b8d2bce19f754070f6a,http,(?),14e30cd163c732912e048c4c837e15c4e90c062ebb795ab947d57706e2d10dd8,25
5776961,0b51153515919240055953000e8a57,405656,0.1.1.2.7.1.9.2.1.1,75e56c8fbb9336eb4dd40f5f609d5344203d374d73fd0b8d2bce19f754070f6a,rpc,9a9e8613b6d7d1b573ba38dba19eec9c3cc460ab00cb49a7e7bfb0d93bac9262,7f2e118b0388e346c3062dd70a26228c63ca349cfdb1b9c0f65456bd93f4d1aa,5
5776962,0b51153515919240055953000e8a57,405657,0.1.1.2.7.1.22.1,75e56c8fbb9336eb4dd40f5f609d5344203d374d73fd0b8d2bce19f754070f6a,rpc,84f9f68ef003a21288fffe8f9a09a5a29b05f4cc4229b8337d1e3c28b6d07923,ba157fce6191bf75b98609b9a2c17b4237b91f0f4bd36674a9b6991771aaccdd,-1
5776963,0b51153515919240055953000e8a57,405657,0.1.1.2.7.1.10.1.1,75e56c8fbb9336eb4dd40f5f609d5344203d374d73fd0b8d2bce19f754070f6a,rpc,9a9e8613b6d7d1b573ba38dba19eec9c3cc460ab00cb49a7e7bfb0d93bac9262,7f2e118b0388e346c3062dd70a26228c63ca349cfdb1b9c0f65456bd93f4d1aa,4
5776964,0b51153515919240055953000e8a57,405657,0.1.1.2.7.1.9.4,75e56c8fbb9336eb4dd40f5f609d5344203d374d73fd0b8d2bce19f754070f6a,rpc,75e56c8fbb9336eb4dd40f5f609d5344203d374d73fd0b8d2bce19f754070f6a,fd3010e311838985c787ae246a81ec3072bddef63d871f4860291466c95e104f,51
5776965,0b51153515919240055953000e8a57,405658,0.1.1.2.7.1.20.1.2,75e56c8fbb9336eb4dd40f5f609d5344203d374d73fd0b8d2bce19f754070f6a,rpc,9a9e8613b6d7d1b573ba38dba19eec9c3cc460ab00cb49a7e7bfb0d93bac9262,7f2e118b0388e346c3062dd70a26228c63ca349cfdb1b9c0f65456bd93f4d1aa,3
5776966,0b51153515919240055953000e8a57,405659,0.1.1.2.7.1.15.2,75e56c8fbb9336eb4dd40f5f609d5344203d374d73fd0b8d2bce19f754070f6a,rpc,84f9f68ef003a21288fffe8f9a09a5a29b05f4cc4229b8337d1e3c28b6d07923,ba157fce6191bf75b98609b9a2c17b4237b91f0f4bd36674a9b6991771aaccdd,0
5776967,0b51153515919240055953000e8a57,405659,0.1.1.2.7.1.21.4,(?),rpc,9a9e8613b6d7d1b573ba38dba19eec9c3cc460ab00cb49a7e7bfb0d93bac9262,7f2e118b0388e346c3062dd70a26228c63ca349cfdb1b9c0f65456bd93f4d1aa,14
5776968,0b51153515919240055953000e8a57,405661,0.1.1.2.7.1.10.1.2,75e56c8fbb9336eb4dd40f5f609d5344203d374d73fd0b8d2bce19f754070f6a,rpc,9a9e8613b6d7d1b573ba38dba19eec9c3cc460ab00cb49a7e7bfb0d93bac9262,7f2e118b0388e346c3062dd70a26228c63ca349cfdb1b9c0f65456bd93f4d1aa,2
5776969,0b51153515919240055953000e8a57,405662,0.1.1.2.7.1.20.1.3,75e56c8fbb9336eb4dd40f5f609d5344203d374d73fd0b8d2bce19f754070f6a,rpc,9a9e8613b6d7d1b573ba38dba19eec9c3cc460ab00cb49a7e7bfb0d93bac9262,7f2e118b0388e346c3062dd70a26228c63ca349cfdb1b9c0f65456bd93f4d1aa,1
5776970,0b51153515919240055953000e8a57,405663,0.1.1.2.7.1.20.1.4,75e56c8fbb9336eb4dd40f5f609d5344203d374d73fd0b8d2bce19f754070f6a,rpc,9a9e8613b6d7d1b573ba38dba19eec9c3cc460ab00cb49a7e7bfb0d93bac9262,7f2e118b0388e346c3062dd70a26228c63ca349cfdb1b9c0f65456bd93f4d1aa,2
5776971,0b51153515919240055953000e8a57,405663,0.1.1.2.7.1.20.1.4,75e56c8fbb9336eb4dd40f5f609d5344203d374d73fd0b8d2bce19f754070f6a,rpc,84f9f68ef003a21288fffe8f9a09a5a29b05f4cc4229b8337d1e3c28b6d07923,ba157fce6191bf75b98609b9a2c17b4237b91f0f4bd36674a9b6991771aaccdd,-1
5776972,0b51153515919240055953000e8a57,405664,0.1.1.2.7.1.10.1.3,75e56c8fbb9336eb4dd40f5f609d5344203d374d73fd0b8d2bce19f754070f6a,rpc,9a9e8613b6d7d1b573ba38dba19eec9c3cc460ab00cb49a7e7bfb0d93bac9262,7f2e118b0388e346c3062dd70a26228c63ca349cfdb1b9c0f65456bd93f4d1aa,1
5776973,0b51153515919240055953000e8a57,405664,0.1.1.2.7.1.9.2.1.2.1.1,75e56c8fbb9336eb4dd40f5f609d5344203d374d73fd0b8d2bce19f754070f6a,http,(?),14e30cd163c732912e048c4c837e15c4e90c062ebb795ab947d57706e2d10dd8,5
5776974,0b51153515919240055953000e8a57,405664,0.1.1.2.7.1.9.4,75e56c8fbb9336eb4dd40f5f609d5344203d374d73fd0b8d2bce19f754070f6a,rpc,75e56c8fbb9336eb4dd40f5f609d5344203d374d73fd0b8d2bce19f754070f6a,fd3010e311838985c787ae246a81ec3072bddef63d871f4860291466c95e104f,-45
5776975,0b51153515919240055953000e8a57,405665,0.1.1.2.7.1.20.1.5,75e56c8fbb9336eb4dd40f5f609d5344203d374d73fd0b8d2bce19f754070f6a,rpc,(?),81073449450cc616c928196b68bb0f2487b6a331e676cfb23b33cf7711ab3fcd,3
5776976,0b51153515919240055953000e8a57,405668,0.1.1.2.7.1.20.1.6,75e56c8fbb9336eb4dd40f5f609d5344203d374d73fd0b8d2bce19f754070f6a,rpc,9a9e8613b6d7d1b573ba38dba19eec9c3cc460ab00cb49a7e7bfb0d93bac9262,7f2e118b0388e346c3062dd70a26228c63ca349cfdb1b9c0f65456bd93f4d1aa,5
5776977,0b51153515919240055953000e8a57,405668,0.1.1.2.7.1.20.1.6,75e56c8fbb9336eb4dd40f5f609d5344203d374d73fd0b8d2bce19f754070f6a,rpc,84f9f68ef003a21288fffe8f9a09a5a29b05f4cc4229b8337d1e3c28b6d07923,ba157fce6191bf75b98609b9a2c17b4237b91f0f4bd36674a9b6991771aaccdd,-4
5776978,0b51153515919240055953000e8a57,405668,0.1.1.2.7.1.9.4.0,75e56c8fbb9336eb4dd40f5f609d5344203d374d73fd0b8d2bce19f754070f6a,userDefined,75e56c8fbb9336eb4dd40f5f609d5344203d374d73fd0b8d2bce19f754070f6a,,40
5776979,0b51153515919240055953000e8a57,405670,0.1.1.2.7.1.9.4.1.1,75e56c8fbb9336eb4dd40f5f609d5344203d374d73fd0b8d2bce19f754070f6a,rpc,9a9e8613b6d7d1b573ba38dba19eec9c3cc460ab00cb49a7e7bfb0d93bac9262,7f2e118b0388e346c3062dd70a26228c63ca349cfdb1b9c0f65456bd93f4d1aa,4
5776980,0b51153515919240055953000e8a57,405671,0.1.1.2.7.1.9.2.1.2.1.2,75e56c8fbb9336eb4dd40f5f609d5344203d374d73fd0b8d2bce19f754070f6a,rpc,(?),81073449450cc616c928196b68bb0f2487b6a331e676cfb23b33cf7711ab3fcd,26
5776981,0b51153515919240055953000e8a57,405674,0.1.1.2.7.1.19.8,75e56c8fbb9336eb4dd40f5f609d5344203d374d73fd0b8d2bce19f754070f6a,rpc,84f9f68ef003a21288fffe8f9a09a5a29b05f4cc4229b8337d1e3c28b6d07923,ba157fce6191bf75b98609b9a2c17b4237b91f0f4bd36674a9b6991771aaccdd,-1
5776982,0b51153515919240055953000e8a57,405674,0.1.1.2.7.1.19.8,75e56c8fbb9336eb4dd40f5f609d5344203d374d73fd0b8d2bce19f754070f6a,rpc,84f9f68ef003a21288fffe8f9a09a5a29b05f4cc4229b8337d1e3c28b6d07923,ba157fce6191bf75b98609b9a2c17b4237b91f0f4bd36674a9b6991771aaccdd,-1
5776983,0b51153515919240055953000e8a57,405675,0.1.1.2.7.1.20.1.7,75e56c8fbb9336eb4dd40f5f609d5344203d374d73fd0b8d2bce19f754070f6a,rpc,9a9e8613b6d7d1b573ba38dba19eec9c3cc460ab00cb49a7e7bfb0d93bac9262,7f2e118b0388e346c3062dd70a26228c63ca349cfdb1b9c0f65456bd93f4d1aa,7
5776984,0b51153515919240055953000e8a57,405680,0.1.1.2.7.1.9.4.1.2,75e56c8fbb9336eb4dd40f5f609d5344203d374d73fd0b8d2bce19f754070f6a,rpc,84f9f68ef003a21288fffe8f9a09a5a29b05f4cc4229b8337d1e3c28b6d07923,ba157fce6191bf75b98609b9a2c17b4237b91f0f4bd36674a9b6991771aaccdd,0
5776985,0b51153515919240055953000e8a57,405681,0.1.1.2.7.1.9.4.1.2.1,75e56c8fbb9336eb4dd40f5f609d5344203d374d73fd0b8d2bce19f754070f6a,rpc,(?),81073449450cc616c928196b68bb0f2487b6a331e676cfb23b33cf7711ab3fcd,26
5776986,0b51153515919240055953000e8a57,405684,0.1.1.2.7.1.20.1.8,75e56c8fbb9336eb4dd40f5f609d5344203d374d73fd0b8d2bce19f754070f6a,rpc,9a9e8613b6d7d1b573ba38dba19eec9c3cc460ab00cb49a7e7bfb0d93bac9262,7f2e118b0388e346c3062dd70a26228c63ca349cfdb1b9c0f65456bd93f4d1aa,3
5776987,0b51153515919240055953000e8a57,405687,0.1.1.2.7.1.11.1.2.2.1,75e56c8fbb9336eb4dd40f5f609d5344203d374d73fd0b8d2bce19f754070f6a,rpc,84f9f68ef003a21288fffe8f9a09a5a29b05f4cc4229b8337d1e3c28b6d07923,ba157fce6191bf75b98609b9a2c17b4237b91f0f4bd36674a9b6991771aaccdd,0
5776988,0b51153515919240055953000e8a57,405688,0.1.1.2.7.1.20.1.10,75e56c8fbb9336eb4dd40f5f609d5344203d374d73fd0b8d2bce19f754070f6a,http,(?),9aee6b1bcdf617d8e39bb1f2b624c68ea33deb9d48e0364aeaded836d3d00293,7
5776989,0b51153515919240055953000e8a57,405688,0.1.1.2.7.1.20.1.9,75e56c8fbb9336eb4dd40f5f609d5344203d374d73fd0b8d2bce19f754070f6a,rpc,(?),19bbbedd43d8c56ce776f69d4f592c95ce2512b262d2b5287319e806ee43d254,7
5776990,0b51153515919240055953000e8a57,405689,0.1.1.2.7.1.20.1.14,(?),rpc,9a9e8613b6d7d1b573ba38dba19eec9c3cc460ab00cb49a7e7bfb0d93bac9262,ec4512a62a9c38fcfc8649a8780562a297211d168560eb060c198d548c15207e,2
5776991,0b51153515919240055953000e8a57,405689,0.1.1.2.7.1.20.1.4,(?),rpc,9a9e8613b6d7d1b573ba38dba19eec9c3cc460ab00cb49a7e7bfb0d93bac9262,e7013bac24ddcdba63a1535f928655d6c5413116c2eb229c9e892cfb89fbb35d,1